Roll Number,Not Enough Bubbles Found
Score (%),3.00

Question Number,Student Answer,Correct Answer,Result
1,Error,B,Incorrect
2,Error,D,Incorrect
3,Error,A,Incorrect
4,Error,C,Incorrect
5,Error,B,Incorrect
6,Error,A,Incorrect
7,Error,B,Incorrect
8,Error,C,Incorrect
9,Error,D,Incorrect
10,Error,A,Incorrect
11,Error,B,Incorrect
12,Error,D,Incorrect
13,Error,A,Incorrect
15,Error,B,Incorrect
16,Error,A,Incorrect
16,Error,A,Incorrect
17,Error,D,Incorrect
18,Error,C,Incorrect
19,Error,B,Incorrect
20,Error,A,Incorrect
21,Error,B,Incorrect
22,Error,C,Incorrect
23,Error,"A, C",Incorrect
24,Error,D,Incorrect
25,Error,B,Incorrect
26,Error,A,Incorrect
27,Error,C,Incorrect
28,Error,D,Incorrect
29,Error,B,Incorrect
30,Error,A,Incorrect
31,D,D,Correct
32,Blank,C,Incorrect
33,Blank,B,Incorrect
34,Blank,A,Incorrect
35,B,B,Correct
36,Blank,C,Incorrect
37,Blank,A,Incorrect
38,Blank,D,Incorrect
39,Blank,B,Incorrect
40,D,C,Incorrect
41,Blank,A,Incorrect
42,Blank,B,Incorrect
43,Blank,D,Incorrect
44,Blank,C,Incorrect
45,B,A,Incorrect
46,D,B,Incorrect
47,Blank,D,Incorrect
48,Blank,A,Incorrect
49,Blank,C,Incorrect
50,A,B,Incorrect
51,Blank,D,Incorrect
52,Blank,A,Incorrect
53,C,B,Incorrect
54,Blank,C,Incorrect
55,Blank,D,Incorrect
56,D,A,Incorrect
57,Blank,B,Incorrect
58,Blank,C,Incorrect
59,Blank,D,Incorrect
60,A,A,Correct
